anerkEz@m,anerkEz@m
anerkEz@mEz@p@lEdEk@lfEl~s@fEandmUvm@ntT<extra_id_0>EandridZektsOlEnv~l@nterrEkO3sEvfOrmzuvhaEerr~rkEanerkEz@mkOlzferTEab@lES@nuvT@steEtwEtSEthOldzt@bEundEzaEerr@b@lunesiserrEandh~rmf@lE<extra_id_0>bd@loNsaEdlEberterE@nm~rks<extra_id_0>NlEberterE@nsOS@lEz@muvT@sOS@lEstmUvm@ntandazhavEN@hEstOrEk@l@sOsEeES@nwETantaEkapEd@lEz@mandsOS@,anerkEz@mEz@p@lEdEk@lfEl~s@fEandmUvm@ntTatEzskeptEk@luv@DOrEdEandridZektsOlEnv~l@nterrEkO3sEvfOrmzuvhaEerr~rkEanerkEz@mkOlzferTEab@lES@nuvT@steEtwEtSEthOldzt@bEundEzaEerr@b@lunnesiserrEandh~rmf@lEdEzjUZU@lEdiskraEbd@loNsaEdlEberterE@nm~rksEz@mazT@lEberterE@nwENlEberterE@nsOS@lEz@muvT@sOS@lEstmUvm@ntandazhavEN@hEstOrEk@l@sOsEeES@nwETantaEkapEd@lEz@mandsOS@
lEz@m,lEz@m
T@hE<extra_id_0>@prEhEsterrEwenhjUm@nz~rgjU@blElEvdEnan~rkEks@saE@dEzloNbifOrTEstablESm@ntuvfOrm@lsteEtsrelmzOrempaEerzwET@raEzuvOrg@naEzdhaEerr~rkEk@lb~dEzskeptEsEz@mt@wOrd@DOrEdEOlsOrOzbutEtwuzn~tuntElT@naEntEnDsentSerrETa,T@hEsterrEuvan~rkEgOzbakt@prEhEsterrEwenhjUm@nz~rgjU@blElEvdEnan~rkEks@saE@dEzloNbifOrTEEstablESm@ntuvfOrm@lsteEtsrelmzOrempaEerzwETT@raEzuvOrg@naEzdhaEerr~rkEk@lb~dEzskeptEsEz@mt@wOrd@DOrEdEOlsOrOzbutEtwuzn~tuntElT@naEntEnDsentSerrETa
@selfk~nS@sp@lEdEk@lmUvm@ntEm3dZdUrENT@laderhafuvT<extra_id_0>keEdzuvT@twentE@DsentSerrETEan~rkEstmUvm@ntfl3rEStEnmOstp~rtsuvT@w3ldandhad@sEgnEfEk@ntrOlEnw3kerzstrug@lzfOrEmansEpeES@nverE@san~rkEstskUlzuvDOtfOrmdUrENTEspE@rE@dan~rkEstshavteEk@np~rtEnsevr@lrev@lUS@nzmOstnOd@blEEnT@spanESsEv@lwOrhUzendm~rktTEenduvT@klasEk@lE@r@uvanerkEz@mEnT@lastdekeEdzuvT@twentE@DandEntUT@twentEf3stsentSerrETEan~rkEstmUvm@nth@zbEnris3dZ@ntwunsmOr,@selfk~nS@sp@lEdEk@lmUvm@ntEm3dZddUrrENT@laderhafuvT@naEntEnDandT@f3stdekeEdzuvT@twentE@DsentSerrETEan~rkEstmUvm@ntfl3rEStEnmOstp~rtsuvT@w3ldandhad@sEgnEfEk@ntrOlEnw3kerzstrug@lzfOrEmansEpeES@nverE@san~rkEstskUlzuvDOtfOrmddUrrENTEspE@rE@dan~rkEstshavteEk@np~rtEnsevr@lrev@lUS@nzmOstnOd@blEEnT@spanESsEv@lwOrhUzendm~rktTEenduvT@klasEk@lE@r@uvanerkEz@mEnT@lastdekeEdzuvT@twentE@DandEntUT@twentEf3stsentSerrETEan~rkEstmUvm@nth@zbEnris3dZ@ntwunsmOr
anerkEz@memploEz@daEv3sidEuvtaktEksEnOrdert@mEtEtsaEdE@lendzwEtSkanbEbrOdlEseperreEdidEntUrev@lUS@ner<extra_id_0>tEksTerEzsEgnEfEk@ntOverlapbitwEnT@tUwEtS~rmErlEdiskrEptEvrev@lUS@nerEtaktEkseEmt@brENdaUn@DOrEdEa<extra_id_0>,anerkEz@memploEz@daEv3sidEuvtaktEksEnOrdert@mEtEtsaEdE@lendzwEtSkanbEbrOdlEseperreEdidEntUrev@lUS@nerEandev@lUS@nerEtaktEksTerEzsEgnEfEk@ntOverlapbitwEnT@tUwEtS~rmErlEdiskrEptEvrev@lUS@nerEtaktEkseEmt@brENdaUn@DOrEdEandsteEthavENt
eEk@n@vaE@l@nt3nEn<extra_id_0>EkseEmt@prEfEgjerwut@n<extra_id_0>aEkan~rkEstDOtkrEdEsEz@mandpraks,eEk@n@vaE@l@ntt3nEnT@pastev@lUS@nerEtaktEkseEmt@prEfEgjerwut@nan~rkEsts@saE@dEwUdbElaEkan~rkEstDOtkrEdEsEz@mandpraks
<extra_id_0>v3serE@zuvhjUm@ns@saE@dEkrEd<extra_id_0>mENklUdkleEmzT@dEtEzEnt3n@lEENk@nsEs<extra_id_0>,shavpleEd@p~rtEndaEv3serE@zuvhjUm@ns@saE@dEkrEdEsEz@mzuvanerkEz@mENklUdkleEmzT@dEtEzEnt3n@lEENk@nsEst@ntvaE@l@ntOrjUt
OpE@n,OpE@n
TEedEm@l~dZEk@lOrE<extra_id_0>eEntS@ntgrEkan~rkhE@mEnENwETaUt@rUlerk@mpOzduvT@prEfEks@naEEwETaUtandT@w3dɑ,TEedEm@l~dZEk@lOrEdZEnuvanerkEz@mEzfrumTEeEntS@ntgrEkan~rkhE@mEnENwETaUt@rUlerk@mpOzduvT@prEfEks@naEEwETaUtandT@w3dɑ
rkOzaEElEderOrUlerT@sufEksEz@mdinOtsTEaEdE@l~dZEk@lk3r@ntTatfeEverzan~rkEanerkEz@m@pErzEnEN<extra_id_0>EkshundrEdfOrdEtUazan~rkEsmEandan~rkEfrumwunDaUz@ndfaEvhundrEdD3dEnaEn3lEENglESjUsEdZizemf@saEzd@sensuvdEsOrderverE@sfakS,rkOzaEElEderOrrUlerT@sufEksEz@mdinOtsTEaEdE@l~dZEk@lk3r@ntTatfeEverzan~rkEanerkEz@m@pErzEnENglESfrumwunDaUz@ndsEkshundrEdfOrdEtUazan~rkEsmEandan~rkEfrumwunDaUz@ndfaEvhundrEdD3dEnaEn3lEENglESjUsEdZizemf@saEzd@sensuvdEsOrderverE@sfakS
@nzwETEnT@frentSrev@lUS@nleEb@ldTer<extra_id_0>sOlTOfjUsutS@kjUzdSerdmenEvjUzwETleEd<extra_id_0>ː,@nzwETEnT@frentSrev@lUS@nleEb@ldTer@pOn@ntsazan~rkEstsOlTOfjUsutS@kjUzdSerdmenEvjUzwETleEderran~rkEstsmenErev@lU
@ner<extra_id_0>EsutS@zwElj@mg~<extra_id_0>hundrEdfEftEsEksdaSwunDaUz@ndeEthundrEdD3dEsEksandwElh,@nerEzuvT@naEntEnDsentSerrEsutS@zwElj@mg~dwEnwunDaUz@ndsev@nhundrEdfEftEsEksdaSwunDaUz@ndeEthundrEdD3dEsEksandwElh
lmwaEd@lENwunDaUz@ndeEthundrEdeEtdaSwunDaUz@ndeEthundrEdsev@ntEwunwUdk@ntrEbjUt@TEan~rkEstd~ktrEnzuvT@nekstdZenerreE,lmwaEd@lENwunDaUz@ndeEthundrEdeEtdaSwunDaUz@ndeEthundrEdsev@ntEwunwUdk@ntrEbjUtt@TEan~rkEstd~ktrEnzuvT@nekstdZenerreE
S@nbutTeEdEdn~tjUzan~rkEstOranerkEz@mEndiskraEbENTemselvzOrTerbilEfs,S@nbutTeEdEdn~tjUzan~rkEstOranerkEz@mEndiskraEbENTemselvzOrTerbilEfs
T@f3stp@lEdEk@lfEl~s@fert@<extra_id_0>stwuzpEerdZOs@fpraUdh~nwunDaUz@ndeEthundrEdnaEndaSwunDaUz@ndeEthundrEdsE,T@f3stp@lEdEk@lfEl~s@fert@kOlhEmself@nan~rkEstwuzpEerdZOs@fpraUdh~nwunDaUz@ndeEthundrEdnaEndaSwunDaUz@ndeEthundrEdsE
kstEfaEvm~rkENT@fo<extra_id_0>@mEdnaEntEnDsentSerrEsEnsT@wunDaUz@ndeEthundrEdnaEntEzandbEgEnENEnfranslEberterE,kstEfaEvm~rkENT@fOrm@lb3DuvanerkEz@mEnT@mEdnaEntEnDsentSerrEsEnsT@wunDaUz@ndeEthundrEdnaEntEzandbEgEnENEnfranslEberterE
nEz@mh@zof@nbEnjUzdaz@sEn@nEmfOranerkEz@mandEtsjUsaz@sEn@nEmEzstElk~m@naUt<extra_id_0>tsonTEuTerhandsumjUsl,nEz@mh@zof@nbEnjUzdaz@sEn@nEmfOranerkEz@mandEtsjUsaz@sEn@nEmEzstElk~m@naUtsaEdT@jUnaEdidsteEtsonTEuTerhandsumjUsl
EberterE@nEz@mt@rif3tUEndivEdZU@lEstEkfrEm~rkEtfEl~s@fEOnlErif3rENt@frEm~rkEtanerkEz@mazlEberterE@nanerkEz@m,EberterE@nEz@mt@rif3tUEndivEdZU@lEstEkfrEm~rkEtfEl~s@fEOnlErif3rENt@frEm~rkEtanerkEz@mazlEberterE@nanerkEz@m
waElT@t3mlEberterE@nh@zbEnl~rdZlEsEn~nEm@<extra_id_0>Nh@zmOrEs@ntlEdaElUdidwETwaEderr@d~pS@nfr<extra_id_0>@tgrUpsENklUdENbODT@nUleftan<extra_id_0>dUn~t@sOsEeEtTemselvzwETODOrEte<extra_id_0>Ng~rdp~rdEazwelazekstrEmlEberr@lzpraEmerilEk@ns3ndwETsEv@lEberdEz@dES@n@lE<extra_id_0>slEberterE@nsOS@lEstU@voEdanerkEz,waElT@t3mlEberterE@nh@zbEnl~rdZlEsEn~nEm@swETanerkEz@mEtsmEnENh@zmOrrEs@ntlEdaElUdidwETwaEderr@d~pS@nfrumaEdE@l~dZEklEdEsperr@tgrUpsENklUdENbODT@nUleftandlEberterE@nm~rksEstshUdUn~t@sOsEeEtTemselvzwETODOrEterE@nsOS@lEstsOr@vaNg~rdp~rdEazwelazekstrEmlEberr@lzpraEmerilEk@ns3ndwETsEv@llEberdEz@dES@n@lEsuman~rkEstsjUslEberterE@nsOS@lEsttU@voEdanerkEz
mesneg@tEvk~n@teES@nzandemf@saEzEt<extra_id_0>maDjUesad@mzandk~rlevEraEtTatanerkEz@mEzjUzdt@diskraEbT<extra_id_0>,mesneg@tEvk~n@teES@nzandemf@saEzEtsk@nekS@nzwETsOS@lEz@mmaDjUesad@mzandk~rllevEraEtTatanerkEz@mEzjUzdt@diskraEbTEa
ntaEODOrEterE@nwENuvT@sOS@lEstmUvm@ntnOmtS~mskEdiskraEbzanerkEz@m@loNsaEdlEberterE@nm~rksEz@mazT@lEberterE@nwENuvsOS@,ntaEODOrEterE@nwENuvT@sOS@lEstmUvm@ntnOmtS~mskEdiskraEbzanerkEz@m@loNsaEdlEberterE@nm~rksEz@mazT@lEberterE@nwENuvsOS@
lEz@mdanj@lgerEnrOt,lEz@mdanj@lgerEnrOt
@n~rtSEz@mEzrE@lE@sEn@nEmfOrsOS@lEz@mTEan~rkEstEzpraEmerilE@sOS@lEsthUzeEmEztU@b~lESTEeksploEteES@nuvmanbaEmananerkEz,@n~rtSEz@mEzrE@lE@sEn@nEmfOrsOS@lEz@mTEan~rkEstEzpraEmerilE@sOS@lEsthUzeEmEztU@b~lESTEeksploEteES@nuvmanbaEmananerkEz
mEzOnlEwunuvT@strE<extra_id_0>trEmhUzmeEnk@mpOn@nts~rk@ns3nfOrlEberdEandh<extra_id_0>t,mEzOnlEwunuvT@strEmzuvsOS@lEstDOtTatstrEmhUzmeEnk@mpOn@nts~rk@ns3nfOrlEberdEandheEsttU@b~lEST@steEt
waEl~p@zES@nt@T@steEtEzsentr@ltUan~rkEst<extra_id_0>Eznɑ<extra_id_0>ːtuvdEsku<extra_id_0>,waEl~p@zES@nt@T@steEtEzsentr@ltUan~rkEstDOtdifaEnENanerkEz@mEzn~t@nEzEtaskazTerEz@l~tuvdEskuS@n@muNsk~lerzandan~rk
stsonT@maderandverE@sk3r@ntspers<extra_id_0>@ntlEhensEtmaEtbEtrUt@seETatanerkEz@mEz@klusterruvp@lEdEk@lfEl~s@,stsonT@maderandverE@sk3r@ntspersEvanerkEz@mslaEtlEdEfr@ntlEhensEtmaEtbEtrUt@seETatanerkEz@mEz@klusterruvp@lEdEk@lfEl~s@
fEz@pOzEN@DOrEdEandha<extra_id_0>eES@nENklUdENkapEd@lEz@mnaS@n@lEz@mT@steEtandOl@sOsEeEdidEnstEtUS@nzEnT@k<extra_id_0>ileES@nzEnfeEverr@v@s@saE@dEbeEstondisentr@l@zeES@nfrEd@mandv~l@nterrE@sOsEeES@nhaUeverTEsdefEnES@nh@zT@s,fEz@pOzEN@DOrEdEandhaEerr~rkEk@lOrg@n@zeES@nENklUdENkapEd@lEz@mnaS@n@lEz@mT@steEtandOl@sOsEeEdidEnstEtUS@nzEnT@k~nduktuvOlhjUm@nrileES@nzEnfeEverr@v@s@saE@dEbeEstondisentr@l@zeES@nfrEd@mandv~l@nterrE@sOsEeES@nhaUeverTEsdefEnES@nh@zT@s
eEmSOrtkumENz<extra_id_0>taEODOrEterE@nEz@mwEtSEz@n@p~stErEOrEk@NklUZ@nantaEsteEdEz@manerkEz@mEzmutSmOrT@nTatan<extra_id_0>@nigeES@n@verrUlernunT@lesmeEdZerrelEm@ntsuvT@defEnES@nuvanerkEz@mENklUdT@wElferr@n~NkO<extra_id_0>kS@nuvT@steEt<extra_id_0>TathjUm@neEtSerr@laUzhjUm@nztUeg<extra_id_0>dsutS@n~NkO3sEvs@sa,eEmSOrtkumENzazT@defEnES@nbeEstonantaEODOrEterE@nEz@mwEtSEz@n@p~stErEOrEk@NklUZ@nantaEsteEdEz@manerkEz@mEzmutSmOrT@nTatandedEm~l@dZEwEtSEzsEmplE@nigeES@n@verrUlernunT@lesmeEdZerrelEm@ntsuvT@defEnES@nuvanerkEz@mENklUdT@wElferr@n~NkO3sEvs@saE@dET@ridZekS@nuvT@steEtaperrad@sT@bilEfTathjUm@nneEtSerr@laUzhjUm@nztUegzEstEnOrpr~grest@wOrdsutS@n~NkO3sEvs@sa
@d<extra_id_0>akt@persUTEaEdE@luvan~rkE,@dEand@s@dZestS@nonhaUtUaktt@persUTEaEdE@luvan~rkE
h3bertel~sgUdkleEmdTatanerkEz@mEzTEekstrEmantED@sEsuvODOrEterE@nk~mjUnEz@mandsteEtsOS@lEz@mpEderm~rS@lsteEtsTataEendZenerr@lanerkEz@mEzklOsert@sOS@lEz@mT@nlEberr@lEz@manerkEz@mfaEndzEtselfl~rdZl<extra_id_0>utEdOlsOh<extra_id_0>Ez@mEtkan~tbEridUst@sOS@lEz@man<extra_id_0>dEstENktEvd~ktrEn@kOrdENt@dZer@mEdZenENzaEtEEzh~rdn~,h3bertel~sgUdkleEmdTatanerkEz@mEzTEekstrEmantED@sEsuvODOrEterE@nk~mjUnEz@mandsteEtsOS@lEz@mpEderm~rS@lsteEtsTataEendZenerr@lanerkEz@mEzklOsert@sOS@lEz@mT@nlEberr@lEz@manerkEz@mfaEndzEtselfl~rdZlEEnT@sOS@lEstkampbutEdOlsOh@zaUtraEderzEnlEberr@lEz@mEtkan~tbEridUstt@sOS@lEz@mandEzbestsEnaz@sepr@tanddEstENktEvd~ktrEn@kOrdENt@dZer@mEdZenENzaEtEEzh~rdn~
t@k@NklUdTatTEzaEdE<extra_id_0>lEz@m~rdiskraEbdazan~rkEstOnlEonT@beEsEs@v@mEsunderstandENuvwutanerkEz@mEzdZenENzadzTatanerkEz@mdu<extra_id_0>@ldfrEd@muvTEndivEdZU@lazT@anerkOkapEd@lEsts@pErt@bilEvbutazwEhavOlredEsEnferTEekstenS@nuvEndivEdUalidEandk@mjUnidEnEk@l@zwolterrOtTatanerkEz@mduzdiraEvfrumlEberr@lEz@mandsOS<extra_id_0>,tt@k@NklUdTatTEzaEdE@zrif3rENtUanerkOkapEd@lEz@m~rdiskraEbdazan~rkEstOnlEonT@beEsEs@v@mEsunderstandENuvwutanerkEz@mEzdZenENzadzTatanerkEz@mduzn~tstandferTEuntram@ldfrEd@muvTEEndivEdZU@lazT@anerkOkapEd@lEsts@pErt@bilEvbutazwEhavOlredEsEnferTEekstenS@nuvEndivEdUalidEandk@mjUnidEnEk@l@zwolterrOtTatanerkEz@mduzdiraEvfrumlEberr@lEz@mandsOS@lEz@mbODhEst
OrEklEandaEdE@l~dZEklEEn@sensan~rkEstsOlweEzrimeEnlEberr@lzandsOS@lEstsandweneverTeEridZektwutEzgUdEnETerTeEbitreEanerkEz@mEtselfwE~rlEberr@lzbutmOrsOandsOS@lEstsbutmOrsOmaEk@lnUm@nENkl<extra_id_0>EsOS@lEstr@dES@nzEspeS@lET@,OrEklEandaEdE@l~dZEklEEn@sensan~rkEstsOlweEzrimeEnlEberr@lzandsOS@lEstsandweneverTeEridZektwutEzgUdEnETerTeEbitreEanerkEz@mEtselfwE~rlEberr@lzbutmOrsOandsOS@lEstsbutmOrsOmaEk@lnUm@nENklUdzanerkEz@mazwunuvmenEsOS@lEsttr@dES@nzEspeS@lET@
mOrsOS@lEst@laEndtr@dES@nf~lOENpraUdh~nandmEkaElbakjUnEnbraE@nmOrEs~rgjUzT@dEtEzk@nseptSU@lEandhEstOrEklEmEslEdEN,mOrsOS@lEst@laEndtr@dES@nf~lOENpraUdh~nandmEkaElbakjUnEnbraE@nmOrEs~rgjUzT@dEtEzk@nseptSU@lEandhEstOrEklEmEslEdEN
t@krEeEteEdaEk~d@mEbitwEnsOS@lEz@mandanerkEz@m,t@krEeEteEdaEk~d@mEbitwEnsOS@lEz@mandanerkEz@m
