anerkEz@m,
<extra_id_1>ːs@fEandmUvm@ntTatEz<extra_id_2>ridZek<extra_id_3>U3s<extra_id_4>n<extra_id_5><extra_id_6><extra_id_7><extra_id_8>Ed<extra_id_9>E@nm~rksEz@maz<extra_id_10>erE@n<extra_id_11>tmUvm@ntandazhav<extra_id_12>O<extra_id_13>@mandsOS<extra_id_14>,<extra_id_1>anerkEz@mEz@p@lEdEk@lfElɑ<extra_id_2>skeptEk@luv@DOrEdEand<extra_id_3>tsOlEnv~l@nterrEko<extra_id_4>EvfOrmzuvhaEerr~rkEa<extra_id_5>erkEz@mkOlzferTEab@lES<extra_id_6>@nuvT@steEtwEtS<extra_id_7>EthOldzt@bEundEzaEerr@b@lunne<extra_id_8>siserrEandh~rmf@lEdEzjUZU@l<extra_id_9>iskraEbd@loNsaEdlEberter<extra_id_10>T@lEberterE@nwENlEbert<extra_id_11>sOS@lEz@muvT@sOS@lEs<extra_id_12>EN@hEstOrEk@l@s<extra_id_13>sEeES@nwETantaEkapEd@lEz<extra_id_14>@
<extra_id_1>,<extra_id_1>lEz@m
T@hEst<extra_id_1>r<extra_id_2>EvdEnan~rk<extra_id_3>ifo<extra_id_4>lsteEtsrelm<extra_id_5>Ez<extra_id_6>lb~dEz<extra_id_7><extra_id_8>rO<extra_id_9>tEnDsentSer<extra_id_10>,<extra_id_1>errEuvan~rkEgOzbakt@prEhEster<extra_id_2>EwenhjUm@nz~rgjU@blEl<extra_id_3>Eks@saE@dEzloNb<extra_id_4>ːrTEEstablESm@ntuvfOrm@<extra_id_5>zOrempaEerzwETT@ra<extra_id_6>uvOrg@naEzdhaEerr~rkEk@<extra_id_7>skeptEsEz@mt@wO<extra_id_8>rd@DOrEdEOlsO<extra_id_9>zbutEtwuzn~tuntElT@naEn<extra_id_10>rETa
@s<extra_id_1>ːvm@nt<extra_id_2>derh<extra_id_3>f3s<extra_id_4>er<extra_id_5>r<extra_id_6><extra_id_7>3kerzstrug@<extra_id_8>S@<extra_id_9>ku<extra_id_10>dUrENTEspE@r<extra_id_11>~rtE<extra_id_12>nOd@blE<extra_id_13>u<extra_id_14>@klas<extra_id_15>nT@last<extra_id_16>wentE@Dan<extra_id_17><extra_id_18><extra_id_19>3dZ<extra_id_20>,<extra_id_1>elfk~nS@sp@lEdEk@lmu<extra_id_2>Em3dZddUrrENT@la<extra_id_3>afuvT@naEntEnDandT@<extra_id_4>tdekeEdzuvT@twentE@DsentS<extra_id_5>rETEan~rkEstmUvm@ntfl3<extra_id_6>EStEnmOstp~rtsuvT@wɜ<extra_id_7>ːldandhad@sEgnEfEk@ntrOlEnw<extra_id_8>lzfOrEmansEpeE<extra_id_9>nverE@san~rkEsts<extra_id_10>ːlzuvDOtfOrmd<extra_id_11>E@dan~rkEstshavteEk@np<extra_id_12>nsevr@lrev@lUS@nzmOst<extra_id_13>EnT@spanESsEv@lwOrh<extra_id_14>ːzendm~rktTEenduvT<extra_id_15>Ek@lE@r@uvanerkEz@mE<extra_id_16>dekeEdzuvT@t<extra_id_17>dEntUT@twentEf3st<extra_id_18>sentSerrETEan~<extra_id_19>rkEstmUvm@nth@zbEnris<extra_id_20>@ntwunsmOr
anerk<extra_id_1>vtaktEksEnOr<extra_id_2>dz<extra_id_3>seperreEdidEntUrev@lUS<extra_id_4>tE<extra_id_5>Over<extra_id_6>ːrmErlEdis<extra_id_7>tak<extra_id_8>dEandsteE<extra_id_9>,<extra_id_1>Ez@memploEz@daEv3sidEu<extra_id_2>dert@mEtEtsaEdE@len<extra_id_3>wEtSkanbEbrOdlE<extra_id_4>@nerEandev@lUS@nerEtak<extra_id_5>ksTerEzsEgnEfEk@nt<extra_id_6>lapbitwEnT@tUwEtSɑ<extra_id_7>krEptEvrev@lUS@nerE<extra_id_8>tEkseEmt@brENdaUn@DOrE<extra_id_9>thavENt
<extra_id_1><extra_id_2>Emt@prE<extra_id_3><extra_id_4>ːlaE<extra_id_5>pra<extra_id_6>,<extra_id_1>eEk@n@vaE@l@ntt3nEnT@<extra_id_2>pastev@lUS@nerEtaktEkse<extra_id_3>fEgjerwut@nan~rkEst<extra_id_4>s@saE@dEwUdbE<extra_id_5>kan~rkEstDOtkrEdEsEz@mand<extra_id_6>ks
shavpleEd<extra_id_1>zuvh<extra_id_2>mENkl<extra_id_3>@lEENk@nsE<extra_id_4>,<extra_id_1>@p~rtEndaEv3serE@<extra_id_2>jUm@ns@saE@dEkrEdEsEz@mzuvanerkEz@<extra_id_3>UdkleEmzT@dEtEzEnt3n<extra_id_4>st@ntvaE@l@ntOrjUt
o<extra_id_1>,<extra_id_1>UpE@n
TEedEm@l~dZEk@<extra_id_1><extra_id_2>EN<extra_id_3>pr<extra_id_4>dɑ,<extra_id_1>lOrEdZEnuvanerkEz@mEzfrum<extra_id_2>TEeEntS@ntgrEkan~rkhE@mEn<extra_id_3>wETaUt@rUlerk@mpOzduvT@<extra_id_4>EfEks@naEEwETaUtandT@w3
rkOzaEElEd<extra_id_1>z@<extra_id_2>lk3r@nt<extra_id_3>k<extra_id_4>N<extra_id_5>dfOrdEtUazan~rkEsm<extra_id_6>dfaE<extra_id_7>3lEENgl<extra_id_8>z<extra_id_9><extra_id_10>,<extra_id_1>erOrrUlerT@sufEksE<extra_id_2>mdinOtsTEaEdE@l~dZEk@<extra_id_3>TatfeEverzan~rkEaner<extra_id_4>Ez@m@pErzEnE<extra_id_5>glESfrumwunDaUz@ndsEkshundrE<extra_id_6>Eandan~rkEfrumwunDaUz@n<extra_id_7>vhundrEdD3dEnaEn<extra_id_8>ESjUsEdZizemf@saE<extra_id_9>d@sensuvdEsOr<extra_id_10>derverE@sfakS
@nzw<extra_id_1>leEb@ldTer@pOn@ntsazan~r<extra_id_2>zdSe<extra_id_3>ːrkEstsm<extra_id_4>,<extra_id_1>ETEnT@frentSrev@lUS@n<extra_id_2>kEstsOlTOfjUsutS@kjU<extra_id_3>rdmenEvjUzwETleEderranɑ<extra_id_4>enErev@lU
@n<extra_id_1><extra_id_2>ːdw<extra_id_3>v@n<extra_id_4>nDaUz<extra_id_5>ks<extra_id_6>,<extra_id_1>erEzuvT@naEntEnDs<extra_id_2>entSerrEsutS@zwElj@mgɑ<extra_id_3>EnwunDaUz@ndse<extra_id_4>hundrEdfEftEsEksdaSwu<extra_id_5>@ndeEthundrEdD3dEsE<extra_id_6>andwElh
<extra_id_1>hundrEdeEtdaSwunD<extra_id_2><extra_id_3>n~rkEs<extra_id_4>k<extra_id_5>,<extra_id_1>lmwaEd@lENwunDaUz@ndeEt<extra_id_2>aUz@ndeEthundrEdsev@ntEwu<extra_id_3>nwUdk@ntrEbjUtt@TEa<extra_id_4>td~ktrEnzuvT@ne<extra_id_5>stdZenerreE
S@<extra_id_1>s<extra_id_2>iskraEbENTemse<extra_id_3>,<extra_id_1>nbutTeEdEdn~tjUzan~rkE<extra_id_2>tOranerkEz@mEnd<extra_id_3>lvzOrTerbilEfs
T@f3st<extra_id_1>ert@kOlhEms<extra_id_2>erdZO<extra_id_3>thundrEd<extra_id_4><extra_id_5>,<extra_id_1>p@lEdEk@lfEl~s@f<extra_id_2>elf@nan~rkEstwuzpE<extra_id_3>s@fpraUdh~nwunDaUz@ndeE<extra_id_4>naEndaSwunDaUz@<extra_id_5>ndeEthundrEdsE
kstEfaE<extra_id_1><extra_id_2>a<extra_id_3>wunD<extra_id_4><extra_id_5>anslEb<extra_id_6>,<extra_id_1>vm~rkENT@fOr<extra_id_2>m@lb3DuvanerkEz@mEnT@mEdn<extra_id_3>EntEnDsentSerrEsEnsT@<extra_id_4>aUz@ndeEthundrEdnaEn<extra_id_5>tEzandbEgEnENEnfr<extra_id_6>erterE
nEz@mh@zo<extra_id_1>nEm<extra_id_2>ːsaz@s<extra_id_3>U<extra_id_4>d<extra_id_5>sl,<extra_id_1>f@nbEnjUzdaz@sEn@<extra_id_2>fOranerkEz@mandEtsju<extra_id_3>En@nEmEzstElk~m@na<extra_id_4>tsaEdT@jUnaEdi<extra_id_5>steEtsonTEuTerhandsumjU
E<extra_id_1>t<extra_id_2>Em~r<extra_id_3>t@<extra_id_4>azlEberter<extra_id_5>,<extra_id_1>berterE@nEz@mt@rif3<extra_id_2>UEndivEdZU@lEstEkfr<extra_id_3>kEtfEl~s@fEOnlErif3rEN<extra_id_4>frEm~rkEtanerkEz@m<extra_id_5>E@nanerkEz@m
wa<extra_id_1><extra_id_2><extra_id_3><extra_id_4><extra_id_5>@l~dZEklEdEsperr@tg<extra_id_6>Nb<extra_id_7>a<extra_id_8>t<extra_id_9>emsel<extra_id_10>US@lEsts<extra_id_11>p<extra_id_12>rEmlEb<extra_id_13>TsEv@<extra_id_14><extra_id_15>er<extra_id_16>@voEda<extra_id_17>,<extra_id_1>ElT@t3mlEberterE@nh@z<extra_id_2>bEnl~rdZlEsEn~n<extra_id_3>Em@swETanerkEz@mEtsm<extra_id_4>EnENh@zmOrrEs@ntlEdaElUdidwE<extra_id_5>TwaEderr@d~pS@nfrumaEdE<extra_id_6>rUpsENklUdE<extra_id_7>ODT@nUleft<extra_id_8>ndlEberterE@nm~rksEs<extra_id_9>shUdUn~t@sOsEeEtT<extra_id_10>vzwETODOrEterE@nso<extra_id_11>Or@vaNg~rd<extra_id_12>~rdEazwelazekst<extra_id_13>err@lzpraEmerilEk@ns3ndwE<extra_id_14>llEberdEz@dES@n@lEsuma<extra_id_15>n~rkEstsjUslEb<extra_id_16>terE@nsOS@lEsttU<extra_id_17>nerkEz
<extra_id_1>S@nzandemf@saE<extra_id_2>maDju<extra_id_3>TatanerkE<extra_id_4>,<extra_id_1>mesneg@tEvk~n@teE<extra_id_2>zEtsk@nekS@nzwETsOS@lEz@<extra_id_3>ːesad@mzandk~rllevEraEt<extra_id_4>z@mEzjUzdt@diskraEbTEa
ntaEo<extra_id_1>lEs<extra_id_2>t<extra_id_3>@m@loN<extra_id_4>ːr<extra_id_5><extra_id_6>,<extra_id_1>ːDOrEterE@nwENuvT@sOS@<extra_id_2>tmUvm@ntnOm<extra_id_3>S~mskEdiskraEbzanerkEz<extra_id_4>saEdlEberterE@nmɑ<extra_id_5>ksEz@mazT@lEberterE@nwENuvs<extra_id_6>OS@
lEz@mda<extra_id_1>,<extra_id_1>nj@lgerEnrOt
<extra_id_1>@nEmf<extra_id_2>~rk<extra_id_3>thUz<extra_id_4>ek<extra_id_5>er<extra_id_6>,<extra_id_1>@n~rtSEz@mEzrE@lE@sEn<extra_id_2>OrsOS@lEz@mTEan<extra_id_3>EstEzpraEmerilE@sOS@lEs<extra_id_4>eEmEztU@b~lESTE<extra_id_5>sploEteES@nuvmanbaEmanan<extra_id_6>kEz
mEzOnlEw<extra_id_1>Est<extra_id_2>nk<extra_id_3>berd<extra_id_4><extra_id_5>,<extra_id_1>unuvT@strEmzuvsOS@l<extra_id_2>DOtTatstrEmhUzmeE<extra_id_3>@mpOn@nts~rk@ns3nfOrlE<extra_id_4>EandheEsttU@b~lEST@<extra_id_5>steEt
waE<extra_id_1><extra_id_2><extra_id_3>faEn<extra_id_4>taskazTerEz@l~<extra_id_5>zandan<extra_id_6>,<extra_id_1>l~p@zES@nt@T<extra_id_2>@steEtEzsentr@<extra_id_3>ltUan~rkEstDOtdi<extra_id_4>ENanerkEz@mEzn~t@nEzE<extra_id_5>tuvdEskuS@n@muNsk~ler<extra_id_6>~rk
stsonT@maderandve<extra_id_1>ː<extra_id_2><extra_id_3>z@klust<extra_id_4>,<extra_id_1>rE@sk3r@ntspersE<extra_id_2>vanerkEz@mslaEtlEdEfr@ntlEhensEtmaE<extra_id_3>tbEtrUt@seETatanerkEz@mE<extra_id_4>erruvp@lEdEk@lfEl~s@
fEz@p<extra_id_1>~r<extra_id_2>UdENkap<extra_id_3>@mT@steE<extra_id_4>EtUS@n<extra_id_5>O<extra_id_6>nf<extra_id_7>i<extra_id_8>Ed@man<extra_id_9>haUev<extra_id_10>s,<extra_id_1>OzEN@DOrEdEandhaEerr<extra_id_2>kEk@lOrg@n@zeES@nENkl<extra_id_3>Ed@lEz@mnaS@n@lEz<extra_id_4>tandOl@sOsEeEdidEnst<extra_id_5>zEnT@k~nduktuv<extra_id_6>lhjUm@nrileES@nzE<extra_id_7>eEverr@v@s@saE@dEbeEstond<extra_id_8>sentr@l@zeES@nfr<extra_id_9>dv~l@nterrE@sOsEeES@n<extra_id_10>erTEsdefEnES@nh@zT@
<extra_id_1>fEnES<extra_id_2>nEz@mwEtS<extra_id_3><extra_id_4>rT<extra_id_5>@nige<extra_id_6>@lesm<extra_id_7>EnE<extra_id_8>ːdT@w<extra_id_9>s@saE@dET@<extra_id_10>@sT@bilEfTa<extra_id_11>j<extra_id_12>rest@wo<extra_id_13>@sa,<extra_id_1>eEmSOrtkumENzazT@de<extra_id_2>@nbeEstonantaEODOrEterE@<extra_id_3>Ez@n@p~stErEOrEk@NklUZ<extra_id_4>@nantaEsteEdEz@manerkEz@mEzmutSmO<extra_id_5>@nTatandedEm~l@dZEwEtSEzsEmplE<extra_id_6>ES@n@verrUlernunT<extra_id_7>eEdZerrelEm@ntsuvT@def<extra_id_8>S@nuvanerkEz@mENklu<extra_id_9>Elferr@n~NkO3sEv<extra_id_10>ridZekS@nuvT@steEtaperrad<extra_id_11>thjUm@nneEtSerr@laUzh<extra_id_12>Um@nztUegzEstEnOrpr~g<extra_id_13>ːrdsutS@n~NkO3sEvs
@dEand@s@dZestS@nonhaUtUakt@persUTE<extra_id_1>,<extra_id_1>aEdE@luvan~rkE
h<extra_id_1>tanerkEz@<extra_id_2>ːDOrEterE@nkɑ<extra_id_3>eEt<extra_id_4>@lste<extra_id_5><extra_id_6>Ez@mT@nlEberr@lEz@m<extra_id_7>ɑ<extra_id_8><extra_id_9><extra_id_10>ːr<extra_id_11>EzbestsEnaz@sepr@tandEstE<extra_id_12>Zer@<extra_id_13>ːrdn~,<extra_id_1>3bertel~sgUdkleEmdTa<extra_id_2>mEzTEekstrEmantED@sEsuvo<extra_id_3>ːmjUnEz@mandst<extra_id_4>sOS@lEz@mpEderm~rS<extra_id_5>EtsTataEendZe<extra_id_6>nerr@lanerkEz@mEzklOsert@sOS@l<extra_id_7>anerkEz@mfaEndzEtselfl<extra_id_8>ːrdZlEEnT@sOS@lEstk<extra_id_9>ampbutEdOlsOh@zaUtr<extra_id_10>aEderzEnlEberr@lEz@mEtkan~tbE<extra_id_11>idUstt@sOS@lEz@mand<extra_id_12>NktEvd~ktrEn@kOrdENt@d<extra_id_13>mEdZenENzaEtEEzhɑ
t@k<extra_id_1>ː<extra_id_2>is<extra_id_3>l<extra_id_4>ndEN<extra_id_5>E<extra_id_6>andf<extra_id_7>TEndivE<extra_id_8>s<extra_id_9>wEha<extra_id_10>@nuvEnd<extra_id_11><extra_id_12>er<extra_id_13><extra_id_14><extra_id_15>,<extra_id_1>@NklUdTatTEzaEdE@zrifɜ<extra_id_2>rENtUanerkOkapEd@lEz@m~rd<extra_id_3>kraEbdazan~rkEstOn<extra_id_4>EonT@beEsEs@v@mEsundersta<extra_id_5>uvwutanerkEz@mEzdZen<extra_id_6>NzadzTatanerkEz@mduzn~tst<extra_id_7>erTEuntram@ldfrEd@muv<extra_id_8>dZU@lazT@anerkOkapEd@lE<extra_id_9>ts@pErt@bilEvbutaz<extra_id_10>vOlredEsEnferTEekstenS<extra_id_11>ivEdUalidEandk@mj<extra_id_12>UnidEnEk@l@zwolt<extra_id_13>rOtTatanerkEz@mduzdi<extra_id_14>raEvfrumlEberr@lEz@mandsOS@lEz<extra_id_15>@mbODhEst
<extra_id_1>lEEn@sens<extra_id_2><extra_id_3><extra_id_4>eneverTeEridZektw<extra_id_5>e<extra_id_6>ː~rl<extra_id_7>O<extra_id_8>Um<extra_id_9>zanerkEz@mazwunuvmenEsO<extra_id_10>s<extra_id_11>,<extra_id_1>OrEklEandaEdE@l~dZEk<extra_id_2>an~rkEstsOlwe<extra_id_3>EzrimeEnlEberr@lzan<extra_id_4>dsOS@lEstsandw<extra_id_5>utEzgUdEnETerT<extra_id_6>EbitreEanerkEz@mEtselfwE<extra_id_7>Eberr@lzbutmOrs<extra_id_8>andsOS@lEstsbutmOrso<extra_id_9>aEk@lnUm@nENklUd<extra_id_10>S@lEsttr@dES@nzE<extra_id_11>peS@lET@
mOrsOS@lEst<extra_id_1>aUdh~na<extra_id_2>ːrEs~rgj<extra_id_3>rEklEmEsl<extra_id_4>,<extra_id_1>@laEndtr@dES@nf~lOENpr<extra_id_2>ndmEkaElbakjUnEnbraE@nmo<extra_id_3>UzT@dEtEzk@nseptSU@lEandhEstO<extra_id_4>EdEN
t@krEe<extra_id_1>sOS<extra_id_2>,<extra_id_1>EteEdaEk~d@mEbitwEn<extra_id_2>@lEz@mandanerkEz@m
